delete from prereq;
delete from time_slot;
delete from advisor;
delete from takes;
delete from student;
delete from teaches;
delete from section;
delete from instructor;
delete from course;
delete from department;
delete from classroom;

insert into classroom(building,room_no,capacity) values ('Smith Hall', '33', '200');
insert into classroom(building,room_no,capacity) values ('Purcell', '101', '100');
insert into classroom(building,room_no,capacity) values ('Morris', '56', '120');
insert into classroom(building,room_no,capacity) values ('Smith Hall', '101', '500');
insert into classroom(building,room_no,capacity) values ('Purcell', '514', '10');
insert into classroom(building,room_no,capacity) values ('Morris', '3128', '70');
insert into classroom(building,room_no,capacity) values ('Watson', '100', '30');
insert into classroom(building,room_no,capacity) values ('Watson', '120', '50');
insert into department values ('Education', 'Watson', '90000');
insert into department values ('Comp. Sci.', 'Morris', '100000');
insert into department values ('Elec. Eng.', 'Morris', '85000');
insert into department values ('Finance', 'Purcell', '120000');
insert into department values ('History', 'Purcell', '50000');
insert into department values ('Music', 'Smith Hall', '80000');
insert into department values ('Physics', 'Watson', '70000');
insert into department values ('math','Purnell','10000');

insert into course values ('CS-415', 'Compiler', 'Comp. Sci.', '4');
insert into course values ('CS-437', 'Artificial Intelligence', 'Comp. Sci.', '3');
insert into course values ('CS-103', 'Data Structure', 'Comp. Sci.', '3');
insert into course values ('CS-105', 'Intro. to Computer Science 2', 'Comp. Sci.', '4');
insert into course values ('BIO-101', 'Intro. to Education', 'Education', '4');
insert into course values ('BIO-301', 'Genetics', 'Education', '4');
insert into course values ('BIO-399', 'Computational Education', 'Education', '3');
insert into course values ('CS-101', 'Intro. to Computer Science', 'Comp. Sci.', '4');
insert into course values ('CS-010', 'Graphics', 'Comp. Sci.', '4');
insert into course values ('CS-315', 'Robotics', 'Comp. Sci.', '3');
insert into course values ('CS-319', 'Image Processing', 'Comp. Sci.', '3');
insert into course values ('CS-447', 'Database System Concepts', 'Comp. Sci.', '3');
insert into course values ('EE-181', 'Intro. to Digital Systems', 'Elec. Eng.', '3');
insert into course values ('FIN-201', 'Investment Banking', 'Finance', '3');
insert into course values ('HIS-351', 'World History', 'History', '3');
insert into course values ('MU-199', 'Music Video Production', 'Music', '3');
insert into course values ('PHY-101', 'Einsteins world', 'Physics', '4');
insert into instructor values ('10101', 'Srinivasan', 'Comp. Sci.', '65000');
insert into instructor values ('12121', 'Zhang', 'Finance', '90000');
insert into instructor values ('15151', 'Mozart', 'Music', '40000');
insert into instructor values ('22222', 'Einstein', 'Physics', '95000');
insert into instructor values ('32343', 'El Said', 'History', '60000');
insert into instructor values ('33456', 'Gold', 'Physics', '87000');
insert into instructor values ('45565', 'Katz', 'Comp. Sci.', '75000');
insert into instructor values ('58583', 'Cali', 'History', '62000');
insert into instructor values ('76543', 'Siren', 'Finance', '80000');
insert into instructor values ('76766', 'Crick', 'Education', '72000');
insert into instructor values ('83821', 'Brandt', 'Comp. Sci.', '92000');
insert into instructor values ('98345', 'Kim', 'Elec. Eng.', '80000');
set foreign_key_checks=0;

insert into section values ('CS-437', '010', 'Spring', '2015', 'Smith Hall', '33', 'A');
insert into section values ('CS-437', '020', 'Spring', '2015', 'Smith Hall', '33', 'A');
insert into section values ('CS-437', '010', 'Fall', '2015', 'Smith Hall', '33', 'A');
insert into section values ('CS-105', '1', 'Spring', '2015', 'Purcell', '101', 'F');
insert into section values ('CS-315', '1', 'Fall', '2015', 'Morris', '56', 'E');
insert into section values ('CS-415', '2', 'Spring', '2014', 'Smith Hall', '33', 'D');
insert into section values ('BIO-101', '1', 'Summer', '2014', 'Purcell', '514', 'B');
insert into section values ('BIO-301', '1', 'Summer', '2015', 'Purcell', '514', 'A');
insert into section values ('CS-101', '1', 'Fall', '2014', 'Smith Hall', '101', 'G');
insert into section values ('CS-101', '1', 'Spring', '2015', 'Smith Hall', '101', 'F');
insert into section values ('CS-010', '1', 'Spring', '2014', 'Morris', '3128', 'E');
insert into section values ('CS-010', '2', 'Fall', '2014', 'Morris', '3128', 'D');
insert into section values ('CS-315', '1', 'Spring', '2015', 'Watson', '120', 'D');
insert into section values ('CS-319', '1', 'Spring', '2015', 'Watson', '100', 'B');
insert into section values ('CS-319', '2', 'Spring', '2015', 'Morris', '3128', 'C');
insert into section values ('CS-447', '1', 'Fall', '2014', 'Morris', '3128', 'A');
insert into section values ('EE-181', '1', 'Spring', '2014', 'Morris', '3128', 'C');
insert into section values ('FIN-201', '1', 'Spring', '2015', 'Smith Hall', '101', 'B');
insert into section values ('HIS-351', '1', 'Spring', '2015', 'Purcell', '514', 'C');
insert into section values ('MU-199', '1', 'Spring', '2015', 'Purcell', '101', 'D');
insert into section values ('PHY-101', '1', 'Fall', '2014', 'Watson', '100', 'A');

set foreign_key_checks=1;
insert into teaches values ('10101', 'CS-101', '1', 'Fall', '2014');
insert into teaches values ('10101', 'CS-315', '1', 'Spring', '2015');
insert into teaches values ('10101', 'CS-447', '1', 'Fall', '2014');
insert into teaches values ('12121', 'FIN-201', '1', 'Spring', '2015');
insert into teaches values ('15151', 'MU-199', '1', 'Spring', '2015');
insert into teaches values ('22222', 'PHY-101', '1', 'Fall', '2014');
insert into teaches values ('32343', 'HIS-351', '1', 'Spring', '2015');
insert into teaches values ('45565', 'CS-101', '1', 'Spring', '2015');
insert into teaches values ('45565', 'CS-319', '1', 'Spring', '2015');
insert into teaches values ('76766', 'BIO-101', '1', 'Summer', '2014');
insert into teaches values ('76766', 'BIO-301', '1', 'Summer', '2015');
insert into teaches values ('83821', 'CS-010', '1', 'Spring', '2014');
insert into teaches values ('83821', 'CS-010', '2', 'Fall', '2014');
insert into teaches values ('83821', 'CS-319', '2', 'Spring', '2015');
insert into teaches values ('98345', 'EE-181', '1', 'Spring', '2014');

insert into student values ('00001','Tom','Comp. Sci.', '15');
insert into student values ('76892','Eva','Math','32');
insert into student values ('76930','Peter','Math','35');
insert into student values ('76985','John','Math','40');
insert into student values ('00128', 'Zhang', 'Comp. Sci.', '102');
insert into student values ('12345', 'Shankar', 'Comp. Sci.', '32');
insert into student values ('19991', 'Brandt', 'History', '80');
insert into student values ('23121', 'Chavez', 'Finance', '110');
insert into student values ('44553', 'Peltier', 'Physics', '56');
insert into student values ('45678', 'Levy', 'Physics', '46');
insert into student values ('54321', 'Williams', 'Comp. Sci.', '54');
insert into student values ('55739', 'Sanchez', 'Music', '38');
insert into student values ('70557', 'Snow', 'Physics', '0');
insert into student values ('76543', 'Brown', 'Comp. Sci.', '58');
insert into student values ('76653', 'Aoi', 'Elec. Eng.', '60');
insert into student values ('98765', 'Bourikas', 'Elec. Eng.', '98');
insert into student values ('98988', 'Tanaka', 'Education', '120');


insert into takes values ('00001', 'CS-105', '1', 'Spring', '2015', 'A',4);
insert into takes values ('00001', 'CS-010', '2', 'Fall', '2014', 'C',2);
insert into takes values ('00001', 'CS-315', '1', 'Fall', '2015', 'B',3);
insert into takes values ('00001', 'CS-415', '2', 'Spring', '2014', 'D',1);
insert into takes values ('00128', 'CS-101', '1', 'Fall', '2014', 'A',4);
insert into takes values ('00128', 'CS-447', '1', 'Fall', '2014', 'A',4);
insert into takes values ('12345', 'CS-101', '1', 'Fall', '2014', 'C',2);
insert into takes values ('12345', 'CS-010', '2', 'Fall', '2014', 'A',4);
insert into takes values ('12345', 'CS-315', '1', 'Spring', '2015', 'B',3);
insert into takes values ('12345', 'CS-447', '1', 'Fall', '2014', 'A',4);

insert into takes values ('12345', 'CS-437', '010', 'Spring', '2015', 'A',4);
insert into takes values ('19991', 'CS-437', '010', 'Spring', '2015', 'B',3);
insert into takes values ('45678', 'CS-437', '010', 'Spring', '2015', 'C',2);
insert into takes values ('54321', 'CS-437', '010', 'Spring', '2015', 'D',1);
insert into takes values ('55739', 'CS-437', '010', 'Spring', '2015', 'F',0);
insert into takes values ('76543', 'CS-437', '010', 'Spring', '2015', 'A',4);
insert into takes values ('98765', 'CS-437', '010', 'Spring', '2015', 'B',3);

insert into takes values ('19991', 'HIS-351', '1', 'Spring', '2015', 'B',3);
insert into takes values ('23121', 'FIN-201', '1', 'Spring', '2015', 'C',2);
insert into takes values ('44553', 'PHY-101', '1', 'Fall', '2014', 'D',1);
insert into takes values ('45678', 'CS-101', '1', 'Fall', '2014', 'F',0);
insert into takes values ('45678', 'CS-101', '1', 'Spring', '2015', 'B',3);
insert into takes values ('45678', 'CS-319', '1', 'Spring', '2015', 'B',3);
insert into takes values ('54321', 'CS-101', '1', 'Fall', '2014', 'A',4);
insert into takes values ('54321', 'CS-010', '1', 'Spring', '2014', 'C',2);
insert into takes values ('55739', 'MU-199', '1', 'Spring', '2015', 'B',3);
insert into takes values ('76543', 'CS-101', '1', 'Fall', '2014', 'A',4);
insert into takes values ('76543', 'CS-319', '2', 'Spring', '2015', 'A',4);
insert into takes values ('76653', 'EE-181', '1', 'Spring', '2014', 'C',2);
insert into takes values ('98765', 'CS-101', '1', 'Fall', '2014', 'C',2);
insert into takes values ('98765', 'CS-315', '1', 'Spring', '2015', 'B',3);
insert into takes values ('98988', 'BIO-101', '1', 'Summer', '2014', 'A',4);
insert into takes values ('98988', 'BIO-301', '1', 'Summer', '2015', null,0);
insert into advisor values ('00128', '45565');
insert into advisor values ('12345', '10101');
insert into advisor values ('23121', '76543');
insert into advisor values ('44553', '22222');
insert into advisor values ('45678', '22222');
insert into advisor values ('76543', '45565');
insert into advisor values ('76653', '98345');
insert into advisor values ('98765', '98345');
insert into advisor values ('98988', '76766');

insert into advisor values ('00001','22222');
insert into advisor values ('76892','45565');
insert into advisor values ('76930','83821');
insert into advisor values ('76985','10101');

insert into time_slot(time_slot_id,day,start_time, end_time) values ('A', 'MW', '8:00:00', '9:30:00');
insert into time_slot (time_slot_id,day,start_time, end_time) values ('B', 'MWF', '9:00:00', '10:30:00');
insert into time_slot(time_slot_id,day,start_time, end_time) values ('C', 'MWF', '11:00:00', '12:30:00');
insert into time_slot (time_slot_id,day,start_time, end_time) values ('D', 'MW', '13:50:00', '15:20:00');
insert into time_slot (time_slot_id,day,start_time, end_time) values ('E', 'TR', '10:00:00', '11:30:00');
insert into time_slot (time_slot_id,day,start_time, end_time) values ('F', 'TR', '14:40:00', '16:00:00');
insert into time_slot (time_slot_id,day,start_time, end_time) values ('G', 'MWF', '16:30:00', '18:00:00');
insert into time_slot (time_slot_id,day,start_time, end_time) values ('H', 'TR', '10:00:00', '11:30:00');
insert into prereq values ('BIO-301', 'BIO-101');
insert into prereq values ('BIO-399', 'BIO-101');
insert into prereq values ('CS-010', 'CS-101');
insert into prereq values ('CS-315', 'CS-101');
insert into prereq values ('CS-319', 'CS-101');
insert into prereq values ('CS-447', 'CS-101');
insert into prereq values ('CS-415', 'CS-103');
insert into prereq values ('CS-437', 'CS-103');
insert into prereq values ('EE-181', 'PHY-101');
